model,source,target,in_dist_accuracy,in_dist_f1_macro,cross_accuracy,cross_f1_macro,generalization_gap_f1
Logistic Regression,Liar,Fakeddit,0.575,0.5702621400945423,0.4978723404255319,0.4930159426649115,0.07724619742963085
Linear SVM,Liar,Fakeddit,0.5825,0.42153984707176195,0.6457446808510638,0.4115623431481471,0.00997750392361485
Multinomial Naive Bayes,Liar,Fakeddit,0.5625,0.5578547110580536,0.4978723404255319,0.4916497094355533,0.06620500162250031
